,mnist_test_acc,cell,cifar_acc_12,cifar_acc_36,cifar_acc_108,imagenette_test_acc_12,imagenette_test_acc_36
0,0.9259,111111011111011100000 conv3x3-bn-relu conv1x1-bn-relu conv1x1-bn-relu conv1x1-bn-relu conv1x1-bn-relu,0.8176081776618958,0.9098557829856871,0.9321914911270142,0.128,0.512
1,0.9363,101100101100011100110 conv3x3-bn-relu conv3x3-bn-relu maxpool3x3 conv3x3-bn-relu maxpool3x3,0.5182291865348816,0.9054487347602844,0.9229767918586732,0.43799999999999994,0.574
2,0.9317,001001111010110110001 maxpool3x3 conv1x1-bn-relu conv1x1-bn-relu maxpool3x3 conv3x3-bn-relu,0.7292668223381042,0.9041466116905212,0.9306890964508056,0.43,0.7040000000000001
3,0.9331,110000010101100011000 conv3x3-bn-relu maxpool3x3 conv3x3-bn-relu conv1x1-bn-relu conv3x3-bn-relu,0.7230569124221802,0.8986378312110901,0.9284855723381042,0.562,0.7120000000000001
4,0.922,111011011110001111100 conv1x1-bn-relu maxpool3x3 maxpool3x3 maxpool3x3 maxpool3x3,0.4584334790706634,0.8086938858032227,0.8870192170143127,0.184,0.396
5,0.9028,100001111011000110000 conv1x1-bn-relu maxpool3x3 conv3x3-bn-relu maxpool3x3 maxpool3x3,0.4090544879436493,0.770432710647583,0.8356370329856873,0.166,0.252
6,0.9297,111100000010001100101 conv3x3-bn-relu conv1x1-bn-relu conv3x3-bn-relu conv3x3-bn-relu conv3x3-bn-relu,0.8543669581413269,0.9157652258872986,0.934495210647583,0.37799999999999995,0.622
7,0.9291,110111100010010011001 maxpool3x3 conv1x1-bn-relu conv1x1-bn-relu conv3x3-bn-relu conv3x3-bn-relu,0.7697315812110901,0.8693910241127014,0.9072515964508056,0.124,0.312
8,0.9295,111111000000100001110 conv3x3-bn-relu conv1x1-bn-relu conv3x3-bn-relu maxpool3x3 conv3x3-bn-relu,0.4915865361690521,0.8722956776618958,0.918870210647583,0.156,0.392
9,0.9253,010011001010011000011 conv3x3-bn-relu conv1x1-bn-relu conv1x1-bn-relu conv3x3-bn-relu maxpool3x3,0.27504006028175354,0.8266226053237915,0.8861178159713745,0.292,0.32799999999999996
10,0.9363,110011100101101000010 conv3x3-bn-relu conv3x3-bn-relu maxpool3x3 maxpool3x3 maxpool3x3,0.7096354365348816,0.9082531929016112,0.9249799847602844,0.3,0.498
11,0.9287,010100000100000100111 conv1x1-bn-relu maxpool3x3 conv1x1-bn-relu maxpool3x3 conv3x3-bn-relu,0.7672275900840759,0.8874198794364929,0.9076522588729858,0.342,0.42
12,0.9332,100001100011100101110 conv1x1-bn-relu conv3x3-bn-relu conv3x3-bn-relu maxpool3x3 conv3x3-bn-relu,0.5713140964508057,0.8543669581413269,0.9172676205635072,0.36,0.638
13,0.9274,010001100100010100001 maxpool3x3 maxpool3x3 conv1x1-bn-relu maxpool3x3 maxpool3x3,0.6681690812110901,0.8434495329856873,0.8959335088729858,0.324,0.336
14,0.9296,111110010001010000101 maxpool3x3 maxpool3x3 conv3x3-bn-relu conv1x1-bn-relu conv1x1-bn-relu,0.6443309187889099,0.8741987347602844,0.8958333134651184,0.43200000000000005,0.5920000000000001
15,0.8936,010010001100001101101 maxpool3x3 conv1x1-bn-relu conv3x3-bn-relu maxpool3x3 conv1x1-bn-relu,0.6254006624221802,0.7716346383094788,0.8247195482254028,0.242,0.258
16,0.9233,101110001100001011001 maxpool3x3 conv1x1-bn-relu conv1x1-bn-relu maxpool3x3 maxpool3x3,0.4066506326198578,0.8308293223381042,0.8785055875778198,0.36200000000000004,0.306
17,0.8979,100111111100000110000 maxpool3x3 conv3x3-bn-relu conv3x3-bn-relu conv3x3-bn-relu maxpool3x3,0.688401460647583,0.8047876358032227,0.8359375,0.226,0.244
18,0.8944,000101101101101010100 conv3x3-bn-relu conv3x3-bn-relu conv1x1-bn-relu maxpool3x3 maxpool3x3,0.6882011294364929,0.8047876358032227,0.8361378312110901,0.172,0.294
19,0.9342,001101011100111100010 maxpool3x3 conv1x1-bn-relu conv3x3-bn-relu maxpool3x3 conv3x3-bn-relu,0.5222355723381042,0.8781049847602844,0.9223757982254028,0.376,0.46399999999999997
20,0.9361,010010001011110010110 maxpool3x3 conv1x1-bn-relu conv3x3-bn-relu conv3x3-bn-relu conv1x1-bn-relu,0.7694311141967773,0.8987379670143127,0.92167466878891,0.596,0.504
21,0.9257,001101001011000101100 conv3x3-bn-relu maxpool3x3 maxpool3x3 conv3x3-bn-relu conv3x3-bn-relu,0.418770045042038,0.8416466116905212,0.8844150900840759,0.298,0.552
22,0.9311,001010011110000101001 conv3x3-bn-relu conv3x3-bn-relu maxpool3x3 conv3x3-bn-relu conv3x3-bn-relu,0.8401442170143127,0.9069511294364928,0.9207732081413268,0.374,0.0
23,0.938,110100000000101111100 maxpool3x3 conv3x3-bn-relu conv1x1-bn-relu conv3x3-bn-relu conv3x3-bn-relu,0.8093950152397156,0.9128605723381042,0.9292868375778198,0.384,0.0
24,0.9353,100011111100011101100 conv3x3-bn-relu conv3x3-bn-relu conv3x3-bn-relu conv1x1-bn-relu conv1x1-bn-relu,0.6871995329856873,0.908553659915924,0.928786039352417,0.45,0.0
25,0.938,000010001100110100111 maxpool3x3 conv1x1-bn-relu conv1x1-bn-relu conv1x1-bn-relu conv3x3-bn-relu,0.8106971383094788,0.9128605723381042,0.9300881624221802,0.228,0.0
26,0.8994,000100010101001001010 conv1x1-bn-relu maxpool3x3 conv1x1-bn-relu conv1x1-bn-relu maxpool3x3,0.5480769276618958,0.7677283883094788,0.8205128312110901,0.22,0.0
27,0.9346,101000001100010010010 maxpool3x3 conv3x3-bn-relu conv1x1-bn-relu conv3x3-bn-relu conv3x3-bn-relu,0.7595152258872986,0.8927283883094788,0.9184695482254028,0.506,0.0
28,0.924,011001001001000111010 conv3x3-bn-relu conv1x1-bn-relu maxpool3x3 conv1x1-bn-relu maxpool3x3,0.5166265964508057,0.6880007982254028,0.8924278616905212,0.34600000000000003,0.0
29,0.8945,000111101110100001100 maxpool3x3 maxpool3x3 maxpool3x3 conv3x3-bn-relu conv1x1-bn-relu,0.6882011294364929,0.8047876358032227,0.8361378312110901,0.196,0.0
30,0.8924,000111110110000111000 maxpool3x3 conv3x3-bn-relu maxpool3x3 conv3x3-bn-relu conv3x3-bn-relu,0.688401460647583,0.8046875,0.8410456776618958,0.366,0.0
31,0.9325,110101100001101001001 conv1x1-bn-relu conv3x3-bn-relu conv3x3-bn-relu conv3x3-bn-relu conv1x1-bn-relu,0.8045873641967773,0.9063501358032228,0.9271835088729858,0.18600000000000003,0.0
32,0.9256,010000111011011101111 conv3x3-bn-relu conv1x1-bn-relu conv3x3-bn-relu conv1x1-bn-relu conv1x1-bn-relu,0.758713960647583,0.8820112347602844,0.9057492017745972,0.33,0.0
33,0.9327,111000110001110110001 conv3x3-bn-relu conv1x1-bn-relu maxpool3x3 conv3x3-bn-relu maxpool3x3,0.1824919879436493,0.7051281929016113,0.8939303159713745,0.358,0.0
34,0.9267,011100001100101001101 maxpool3x3 maxpool3x3 conv1x1-bn-relu conv1x1-bn-relu conv3x3-bn-relu,0.7954727411270142,0.8984375,0.9159655570983888,0.408,0.0
35,0.9297,100100001101011101010 maxpool3x3 conv3x3-bn-relu maxpool3x3 maxpool3x3 conv1x1-bn-relu,0.5875400900840759,0.8313301205635071,0.885817289352417,0.37799999999999995,0.0
36,0.9302,110100010010001111010 conv3x3-bn-relu conv3x3-bn-relu conv1x1-bn-relu maxpool3x3 conv1x1-bn-relu,0.6338140964508057,0.8690905570983887,0.9168669581413268,0.198,0.0
37,0.934,001010100011110100110 conv3x3-bn-relu conv3x3-bn-relu conv3x3-bn-relu conv3x3-bn-relu maxpool3x3,0.5745192170143127,0.8848156929016113,0.9262820482254028,0.462,0.0
38,0.8919,011101011100010110000 conv3x3-bn-relu maxpool3x3 conv3x3-bn-relu conv3x3-bn-relu conv3x3-bn-relu,0.6974158883094788,0.8053886294364929,0.8410456776618958,0.228,0.0
39,0.9341,101111000000111111000 conv1x1-bn-relu conv3x3-bn-relu conv3x3-bn-relu conv3x3-bn-relu maxpool3x3,0.7547075152397156,0.9153645634651184,0.9329928159713744,0.41,0.0
40,0.8985,001010111011100100001 maxpool3x3 conv3x3-bn-relu conv1x1-bn-relu maxpool3x3 conv1x1-bn-relu,0.6238982081413269,0.7709335088729858,0.8246194124221802,0.31,0.0
41,0.9228,100100000111011010111 maxpool3x3 conv1x1-bn-relu maxpool3x3 conv1x1-bn-relu conv1x1-bn-relu,0.7708333134651184,0.8570713400840759,0.8791065812110901,0.45799999999999996,0.0
42,0.9016,011001101111111110000 maxpool3x3 conv1x1-bn-relu conv1x1-bn-relu maxpool3x3 conv3x3-bn-relu,0.4090544879436493,0.7800480723381042,0.8400440812110901,0.196,0.0
43,0.9279999999999999,111011001010010011000 maxpool3x3 conv1x1-bn-relu conv3x3-bn-relu maxpool3x3 conv1x1-bn-relu,0.5837339758872986,0.8694911599159241,0.9210737347602844,0.402,0.0
44,0.9318,001010111100111100101 maxpool3x3 maxpool3x3 conv1x1-bn-relu conv3x3-bn-relu conv1x1-bn-relu,0.8191105723381042,0.9033453464508056,0.9277844429016112,0.332,0.0
45,0.927,100111111110011011000 maxpool3x3 maxpool3x3 conv3x3-bn-relu conv3x3-bn-relu maxpool3x3,0.6439303159713745,0.8770031929016113,0.8928285241127014,0.354,0.0
46,0.9306,010010001000101110101 conv1x1-bn-relu maxpool3x3 conv1x1-bn-relu conv3x3-bn-relu maxpool3x3,0.6092748641967773,0.8590745329856873,0.905348539352417,0.24,0.0
47,0.8971,011010110011011000000 maxpool3x3 conv1x1-bn-relu conv3x3-bn-relu conv3x3-bn-relu conv1x1-bn-relu,0.5480769276618958,0.7709335088729858,0.8205128312110901,0.20600000000000002,0.0
48,0.9355,100001110001011000101 conv3x3-bn-relu conv3x3-bn-relu conv3x3-bn-relu maxpool3x3 conv3x3-bn-relu,0.7879607081413269,0.8937299847602844,0.9260817170143129,0.546,0.0
49,0.9345,000111001100010100101 conv3x3-bn-relu conv3x3-bn-relu conv1x1-bn-relu conv1x1-bn-relu conv3x3-bn-relu,0.7927684187889099,0.8959335088729858,0.9348958134651184,0.282,0.0
50,0.9333,100101001010001000000 conv3x3-bn-relu conv3x3-bn-relu conv3x3-bn-relu maxpool3x3 conv1x1-bn-relu,0.7992788553237915,0.917067289352417,0.9324919581413268,0.33799999999999997,0.0
51,0.922,000011010101110100001 maxpool3x3 maxpool3x3 maxpool3x3 conv1x1-bn-relu maxpool3x3,0.31690704822540283,0.8471554517745972,0.8892227411270142,0.39,0.0
52,0.9353,110010001001000110110 conv1x1-bn-relu conv1x1-bn-relu conv3x3-bn-relu conv3x3-bn-relu conv1x1-bn-relu,0.2637219429016113,0.8651843070983887,0.927383840084076,0.35600000000000004,0.0
53,0.9242,100100111010110000110 maxpool3x3 maxpool3x3 conv3x3-bn-relu maxpool3x3 maxpool3x3,0.5502804517745972,0.8295272588729858,0.8739984035491943,0.312,0.0
54,0.9347,010100111111001010101 conv3x3-bn-relu maxpool3x3 conv3x3-bn-relu conv3x3-bn-relu conv3x3-bn-relu,0.7736378312110901,0.8905248641967773,0.915665090084076,0.28,0.0
55,0.9305,111110100110110100010 maxpool3x3 conv3x3-bn-relu maxpool3x3 conv1x1-bn-relu conv3x3-bn-relu,0.8235176205635071,0.8967347741127014,0.9205729365348816,0.436,0.0
56,0.9246,110101011111111010010 conv1x1-bn-relu conv3x3-bn-relu conv1x1-bn-relu conv1x1-bn-relu maxpool3x3,0.7267628312110901,0.9022436141967772,0.9299879670143129,0.276,0.0
57,0.9354,100101011010111000001 conv3x3-bn-relu maxpool3x3 maxpool3x3 maxpool3x3 conv1x1-bn-relu,0.7396835088729858,0.9153645634651184,0.9329928159713744,0.22399999999999998,0.0
58,0.9004,010111110110000011001 conv1x1-bn-relu conv3x3-bn-relu maxpool3x3 conv3x3-bn-relu conv1x1-bn-relu,0.5851362347602844,0.7825520634651184,0.8400440812110901,0.266,0.0
59,0.9238,101111011110101000100 maxpool3x3 conv1x1-bn-relu maxpool3x3 maxpool3x3 conv1x1-bn-relu,0.6238982081413269,0.8416466116905212,0.8902243375778198,0.332,0.0
60,0.9313,001110000101110111011 maxpool3x3 conv3x3-bn-relu conv3x3-bn-relu conv3x3-bn-relu conv3x3-bn-relu,0.8030849099159241,0.9139623641967772,0.9330929517745972,0.316,0.0
61,0.9329999999999999,101010101010110011001 conv3x3-bn-relu conv3x3-bn-relu maxpool3x3 conv1x1-bn-relu conv3x3-bn-relu,0.8273237347602844,0.8903245329856873,0.9186698794364928,0.33799999999999997,0.0
62,0.8962,001001100111111110100 conv3x3-bn-relu conv3x3-bn-relu conv1x1-bn-relu conv1x1-bn-relu conv3x3-bn-relu,0.6882011294364929,0.8046875,0.8410456776618958,0.124,0.0
63,0.9281,000010111001010101111 conv1x1-bn-relu conv1x1-bn-relu maxpool3x3 conv1x1-bn-relu maxpool3x3,0.7871594429016113,0.870192289352417,0.8829126358032227,0.45399999999999996,0.0
64,0.9266,111101110010100100000 maxpool3x3 conv1x1-bn-relu conv1x1-bn-relu maxpool3x3 conv1x1-bn-relu,0.6238982081413269,0.8471554517745972,0.8844150900840759,0.316,0.0
65,0.8963,000001011110001010010 conv1x1-bn-relu maxpool3x3 conv1x1-bn-relu maxpool3x3 conv1x1-bn-relu,0.6882011294364929,0.8053886294364929,0.8361378312110901,0.228,0.0
66,0.9306,011011110011001110001 maxpool3x3 maxpool3x3 conv3x3-bn-relu conv1x1-bn-relu conv1x1-bn-relu,0.7545071840286255,0.8665865659713745,0.920973539352417,0.188,0.0
67,0.9351,000101101001111010011 conv3x3-bn-relu maxpool3x3 maxpool3x3 conv3x3-bn-relu conv3x3-bn-relu,0.7396835088729858,0.9000400900840759,0.9329928159713744,0.22,0.0
68,0.898,101100000001011101001 conv1x1-bn-relu conv1x1-bn-relu conv1x1-bn-relu maxpool3x3 conv3x3-bn-relu,0.5611979365348816,0.7677283883094788,0.8246194124221802,0.138,0.0
69,0.9332,110011011000001011001 conv3x3-bn-relu conv3x3-bn-relu conv3x3-bn-relu conv3x3-bn-relu maxpool3x3,0.5572916865348816,0.8698918223381042,0.9140625,0.134,0.0
70,0.8983,011001110101001010110 maxpool3x3 conv1x1-bn-relu conv3x3-bn-relu conv1x1-bn-relu conv3x3-bn-relu,0.5851362347602844,0.7825520634651184,0.8400440812110901,0.252,0.0
71,0.9317,011011111101100001110 conv1x1-bn-relu conv3x3-bn-relu maxpool3x3 conv1x1-bn-relu conv3x3-bn-relu,0.5879406929016113,0.856370210647583,0.9056490659713744,0.32,0.0
72,0.9289,110010000110111101001 conv3x3-bn-relu conv1x1-bn-relu conv1x1-bn-relu maxpool3x3 conv3x3-bn-relu,0.854567289352417,0.91426283121109,0.9329928159713744,0.218,0.0
73,0.9311,100000110100001011010 conv3x3-bn-relu conv1x1-bn-relu conv1x1-bn-relu conv1x1-bn-relu maxpool3x3,0.7239583134651184,0.8902243375778198,0.9198718070983888,0.26,0.0
74,0.8983,010101000001111010000 conv3x3-bn-relu conv1x1-bn-relu maxpool3x3 conv1x1-bn-relu maxpool3x3,0.4090544879436493,0.7825520634651184,0.8356370329856873,0.336,0.0
75,0.8995,101011001011110000100 conv1x1-bn-relu conv1x1-bn-relu conv1x1-bn-relu maxpool3x3 maxpool3x3,0.5330528616905212,0.7825520634651184,0.8356370329856873,0.314,0.0
76,0.9317,001001110010110011100 maxpool3x3 conv3x3-bn-relu conv3x3-bn-relu conv1x1-bn-relu conv3x3-bn-relu,0.7992788553237915,0.9000400900840759,0.9329928159713744,0.418,0.0
77,0.9248,110100010110110011010 conv1x1-bn-relu conv1x1-bn-relu conv3x3-bn-relu conv1x1-bn-relu conv1x1-bn-relu,0.7985777258872986,0.9028445482254028,0.92207533121109,0.40399999999999997,0.0
78,0.9241,010000111001111101011 maxpool3x3 conv3x3-bn-relu conv1x1-bn-relu conv1x1-bn-relu conv3x3-bn-relu,0.7287660241127014,0.8908253312110901,0.9152644276618958,0.42,0.0
79,0.9249,101110011110010111000 maxpool3x3 maxpool3x3 conv1x1-bn-relu maxpool3x3 conv1x1-bn-relu,0.6586538553237915,0.8615785241127014,0.891526460647583,0.45399999999999996,0.0
80,0.9305,100011110111110100110 maxpool3x3 conv1x1-bn-relu conv1x1-bn-relu conv3x3-bn-relu conv1x1-bn-relu,0.702223539352417,0.8852163553237915,0.9141626358032228,0.20600000000000002,0.0
81,0.8969,011111000111111100001 conv3x3-bn-relu conv1x1-bn-relu conv3x3-bn-relu maxpool3x3 conv1x1-bn-relu,0.6150841116905212,0.7908653616905212,0.840745210647583,0.14400000000000002,0.0
82,0.9222,111001110110001011100 conv1x1-bn-relu conv1x1-bn-relu maxpool3x3 conv3x3-bn-relu conv3x3-bn-relu,0.4534254670143128,0.8477563858032227,0.8866186141967773,0.284,0.0
83,0.9301,011110011010000011001 conv1x1-bn-relu maxpool3x3 maxpool3x3 conv3x3-bn-relu conv3x3-bn-relu,0.8067908883094788,0.8886218070983887,0.9113581776618958,0.15,0.0
84,0.9191,110000101010101000101 conv1x1-bn-relu conv1x1-bn-relu conv1x1-bn-relu maxpool3x3 maxpool3x3,0.1877003163099289,0.7733373641967773,0.8645833134651184,0.344,0.0
85,0.8929,000011011001110100010 maxpool3x3 conv1x1-bn-relu maxpool3x3 conv1x1-bn-relu maxpool3x3,0.6882011294364929,0.8046875,0.8359375,0.23199999999999998,0.0
86,0.9326,011010100000100011111 conv3x3-bn-relu conv3x3-bn-relu conv3x3-bn-relu maxpool3x3 maxpool3x3,0.4768629670143128,0.8493589758872986,0.9033453464508056,0.38,0.0
87,0.9375,100111011000110100110 conv3x3-bn-relu conv1x1-bn-relu conv3x3-bn-relu conv3x3-bn-relu conv1x1-bn-relu,0.6898036599159241,0.9114583134651184,0.9428085088729858,0.42200000000000004,0.0
88,0.9358,100111001000010110010 conv3x3-bn-relu conv1x1-bn-relu conv3x3-bn-relu conv3x3-bn-relu conv1x1-bn-relu,0.7375801205635071,0.9173678159713744,0.9395031929016112,0.19,0.0
89,0.9265,000101111011110011010 maxpool3x3 conv1x1-bn-relu conv1x1-bn-relu maxpool3x3 conv1x1-bn-relu,0.31690704822540283,0.8416466116905212,0.8902243375778198,0.0,0.0
90,0.9235,111010101010011110110 conv1x1-bn-relu conv3x3-bn-relu conv1x1-bn-relu conv1x1-bn-relu conv3x3-bn-relu,0.8305288553237915,0.9090544581413268,0.9223757982254028,0.0,0.0
91,0.9345,011001010100000100110 conv1x1-bn-relu maxpool3x3 conv1x1-bn-relu conv3x3-bn-relu conv3x3-bn-relu,0.7292668223381042,0.9098557829856871,0.9306890964508056,0.0,0.0
92,0.9402,011011100010010100101 conv1x1-bn-relu conv3x3-bn-relu conv3x3-bn-relu maxpool3x3 conv3x3-bn-relu,0.6959134340286255,0.9136618375778198,0.9373998641967772,0.0,0.0
93,0.9365,010000010011100100010 conv3x3-bn-relu conv1x1-bn-relu conv3x3-bn-relu conv3x3-bn-relu maxpool3x3,0.38942307233810425,0.8698918223381042,0.9223757982254028,0.0,0.0
94,0.9204,111011001110111111000 maxpool3x3 maxpool3x3 maxpool3x3 conv3x3-bn-relu conv3x3-bn-relu,0.4433093070983887,0.8605769276618958,0.8932291865348816,0.0,0.0
95,0.9259999999999999,001000010011010101110 maxpool3x3 maxpool3x3 conv1x1-bn-relu conv3x3-bn-relu conv3x3-bn-relu,0.8205128312110901,0.9030448794364928,0.9189703464508056,0.0,0.0
96,0.9328,010110010001111100110 conv1x1-bn-relu conv3x3-bn-relu conv3x3-bn-relu conv1x1-bn-relu maxpool3x3,0.8236178159713745,0.915665090084076,0.9282852411270142,0.0,0.0
97,0.9219,110010010001011001111 conv3x3-bn-relu conv1x1-bn-relu conv1x1-bn-relu conv1x1-bn-relu conv1x1-bn-relu,0.7996794581413269,0.907151460647583,0.924879789352417,0.0,0.0
98,0.9213,100101110000111000001 maxpool3x3 maxpool3x3 conv3x3-bn-relu conv3x3-bn-relu maxpool3x3,0.6346153616905212,0.8256210088729858,0.8711938858032227,0.0,0.0
99,0.9222,000111101110001100001 conv3x3-bn-relu maxpool3x3 conv1x1-bn-relu maxpool3x3 maxpool3x3,0.418770045042038,0.8471554517745972,0.8892227411270142,0.0,0.0
100,0.895,001011111110110100000 maxpool3x3 conv3x3-bn-relu conv3x3-bn-relu conv3x3-bn-relu conv3x3-bn-relu,0.6974158883094788,0.8046875,0.8410456776618958,0.0,0.0
101,0.8916,000101110010100111001 conv3x3-bn-relu conv3x3-bn-relu maxpool3x3 conv3x3-bn-relu maxpool3x3,0.6882011294364929,0.8053886294364929,0.8359375,0.0,0.0
102,0.9264,101000100000010101000 maxpool3x3 maxpool3x3 maxpool3x3 maxpool3x3 conv3x3-bn-relu,0.7740384340286255,0.8569711446762085,0.8863180875778198,0.0,0.0
103,0.9275,001000000000010011001 conv1x1-bn-relu conv1x1-bn-relu maxpool3x3 maxpool3x3 conv1x1-bn-relu,0.7331730723381042,0.8576722741127014,0.8832131624221802,0.0,0.0
104,0.9314,110101000010101000101 conv3x3-bn-relu maxpool3x3 conv3x3-bn-relu conv3x3-bn-relu maxpool3x3,0.6931089758872986,0.8960336446762085,0.91796875,0.0,0.0
105,0.926,010000101100101110000 conv3x3-bn-relu maxpool3x3 maxpool3x3 conv3x3-bn-relu maxpool3x3,0.7871594429016113,0.8569711446762085,0.8863180875778198,0.0,0.0
106,0.8957,001101111000100010000 conv3x3-bn-relu conv3x3-bn-relu conv1x1-bn-relu conv1x1-bn-relu maxpool3x3,0.6882011294364929,0.8047876358032227,0.8410456776618958,0.0,0.0
107,0.9345,000011000000011101011 conv1x1-bn-relu conv3x3-bn-relu maxpool3x3 maxpool3x3 conv3x3-bn-relu,0.7547075152397156,0.9000400900840759,0.9329928159713744,0.0,0.0
108,0.9345,000101110000001100101 conv1x1-bn-relu conv3x3-bn-relu conv3x3-bn-relu conv3x3-bn-relu conv1x1-bn-relu,0.6975160241127014,0.9041466116905212,0.9352964758872986,0.0,0.0
109,0.9356,101111001101101100001 conv3x3-bn-relu conv1x1-bn-relu maxpool3x3 maxpool3x3 conv1x1-bn-relu,0.8336338400840759,0.9223757982254028,0.9378004670143129,0.0,0.0
110,0.9336,001000010100000111110 maxpool3x3 conv3x3-bn-relu conv3x3-bn-relu conv1x1-bn-relu conv1x1-bn-relu,0.7799479365348816,0.8961338400840759,0.9230769276618958,0.0,0.0
111,0.9281,101001010101110011101 conv1x1-bn-relu maxpool3x3 maxpool3x3 conv1x1-bn-relu conv3x3-bn-relu,0.4740584790706634,0.8343349099159241,0.9187700152397156,0.0,0.0
112,0.8968,010110000010000000001 conv3x3-bn-relu conv3x3-bn-relu maxpool3x3 conv3x3-bn-relu conv1x1-bn-relu,0.5611979365348816,0.7677283883094788,0.8183093070983887,0.0,0.0
113,0.9261,000111100011000000001 conv1x1-bn-relu conv1x1-bn-relu conv3x3-bn-relu conv1x1-bn-relu maxpool3x3,0.6238982081413269,0.8416466116905212,0.8902243375778198,0.0,0.0
114,0.9359,010010101101010100001 maxpool3x3 maxpool3x3 conv1x1-bn-relu conv3x3-bn-relu conv3x3-bn-relu,0.7496995329856873,0.9069511294364928,0.9315905570983888,0.0,0.0
115,0.9312,000110110001101101011 conv1x1-bn-relu maxpool3x3 conv1x1-bn-relu conv1x1-bn-relu conv3x3-bn-relu,0.8312299847602844,0.9122596383094788,0.9292868375778198,0.0,0.0
116,0.882,001000001100000011101 conv3x3-bn-relu maxpool3x3 conv1x1-bn-relu maxpool3x3 conv1x1-bn-relu,0.4329927861690521,0.703125,0.7956730723381042,0.0,0.0
117,0.9269,000100100101001011110 maxpool3x3 maxpool3x3 conv3x3-bn-relu maxpool3x3 conv3x3-bn-relu,0.7740384340286255,0.870192289352417,0.8863180875778198,0.0,0.0
118,0.9352,111110100101101000010 conv3x3-bn-relu conv3x3-bn-relu maxpool3x3 maxpool3x3 maxpool3x3,0.3817107379436493,0.8818109035491943,0.9136618375778198,0.0,0.0
119,0.9309,011101010000011111110 conv1x1-bn-relu conv3x3-bn-relu conv3x3-bn-relu maxpool3x3 conv3x3-bn-relu,0.5908453464508057,0.8875200152397156,0.9292868375778198,0.0,0.0
120,0.9323,101100101000000010011 maxpool3x3 conv3x3-bn-relu maxpool3x3 conv3x3-bn-relu conv1x1-bn-relu,0.7912660241127014,0.9009414911270142,0.9253805875778198,0.0,0.0
121,0.8951,000001110110011011000 conv3x3-bn-relu conv3x3-bn-relu conv3x3-bn-relu conv3x3-bn-relu maxpool3x3,0.688401460647583,0.8047876358032227,0.8359375,0.0,0.0
122,0.9316,100010000010110101011 conv1x1-bn-relu conv3x3-bn-relu maxpool3x3 conv1x1-bn-relu conv3x3-bn-relu,0.8355368375778198,0.9122596383094788,0.9328926205635072,0.0,0.0
123,0.8947,010111000010110010001 conv1x1-bn-relu conv1x1-bn-relu maxpool3x3 maxpool3x3 conv1x1-bn-relu,0.5847355723381042,0.7972756624221802,0.8409455418586731,0.0,0.0
124,0.8986,001011011011100100110 conv1x1-bn-relu maxpool3x3 conv1x1-bn-relu conv1x1-bn-relu conv1x1-bn-relu,0.4577323794364929,0.7331730723381042,0.836838960647583,0.0,0.0
125,0.8854,010000101011111011000 maxpool3x3 conv1x1-bn-relu conv1x1-bn-relu conv1x1-bn-relu conv1x1-bn-relu,0.4717548191547394,0.703125,0.7956730723381042,0.0,0.0
126,0.922,010010000001101001111 maxpool3x3 maxpool3x3 conv3x3-bn-relu conv1x1-bn-relu conv1x1-bn-relu,0.7878605723381042,0.8831129670143127,0.9030448794364928,0.0,0.0
127,0.9362,101011111111010100001 conv3x3-bn-relu conv3x3-bn-relu maxpool3x3 conv1x1-bn-relu conv3x3-bn-relu,0.7151442170143127,0.9133613705635072,0.9352964758872986,0.0,0.0
128,0.927,000111100011100101010 conv1x1-bn-relu maxpool3x3 conv1x1-bn-relu maxpool3x3 conv1x1-bn-relu,0.6238982081413269,0.8499599099159241,0.8844150900840759,0.0,0.0
129,0.9195,011110010010001001111 conv1x1-bn-relu conv3x3-bn-relu conv1x1-bn-relu conv1x1-bn-relu maxpool3x3,0.6309094429016113,0.8899238705635071,0.9006410241127014,0.0,0.0
130,0.9279,101001111111110100000 maxpool3x3 conv1x1-bn-relu maxpool3x3 maxpool3x3 conv3x3-bn-relu,0.418770045042038,0.8471554517745972,0.8902243375778198,0.0,0.0
131,0.9229,110010010001001000111 conv1x1-bn-relu maxpool3x3 maxpool3x3 conv1x1-bn-relu maxpool3x3,0.7849559187889099,0.8653846383094788,0.8845152258872986,0.0,0.0
132,0.9254,011101100000011111110 conv1x1-bn-relu conv1x1-bn-relu maxpool3x3 conv3x3-bn-relu conv3x3-bn-relu,0.5969551205635071,0.8923277258872986,0.9102563858032228,0.0,0.0
133,0.925,011000010011111001101 maxpool3x3 maxpool3x3 conv3x3-bn-relu conv1x1-bn-relu maxpool3x3,0.5080128312110901,0.86328125,0.9036458134651184,0.0,0.0
134,0.8978,000110011110110101010 conv3x3-bn-relu maxpool3x3 maxpool3x3 conv1x1-bn-relu conv3x3-bn-relu,0.6238982081413269,0.7677283883094788,0.8246194124221802,0.0,0.0
135,0.9251,101110110011001101100 conv1x1-bn-relu maxpool3x3 maxpool3x3 maxpool3x3 conv3x3-bn-relu,0.3385416567325592,0.7796474099159241,0.8637820482254028,0.0,0.0
136,0.9286,001101001110000001001 conv1x1-bn-relu conv3x3-bn-relu maxpool3x3 conv1x1-bn-relu conv3x3-bn-relu,0.418770045042038,0.8416466116905212,0.8902243375778198,0.0,0.0
137,0.9268,101000101111110100100 maxpool3x3 conv1x1-bn-relu conv3x3-bn-relu maxpool3x3 conv1x1-bn-relu,0.7740384340286255,0.8569711446762085,0.8829126358032227,0.0,0.0
138,0.8959,111010111011000110100 conv1x1-bn-relu maxpool3x3 conv3x3-bn-relu maxpool3x3 maxpool3x3,0.6238982081413269,0.770432710647583,0.8205128312110901,0.0,0.0
139,0.9277,100000011110010011010 maxpool3x3 maxpool3x3 conv1x1-bn-relu conv3x3-bn-relu conv1x1-bn-relu,0.7541065812110901,0.8846153616905212,0.9019430875778198,0.0,0.0
140,0.8949,110011100000110101000 conv3x3-bn-relu conv3x3-bn-relu maxpool3x3 conv3x3-bn-relu maxpool3x3,0.6882011294364929,0.8047876358032227,0.8359375,0.0,0.0
141,0.9309,001001011011001010101 maxpool3x3 maxpool3x3 conv1x1-bn-relu conv3x3-bn-relu maxpool3x3,0.2736378312110901,0.8373397588729858,0.8833132982254028,0.0,0.0
142,0.9323,101001011000110011000 conv3x3-bn-relu maxpool3x3 conv1x1-bn-relu conv3x3-bn-relu conv3x3-bn-relu,0.7369791865348816,0.9146634340286256,0.9250801205635072,0.0,0.0
